{
    "memo": "주석을 남길때는 `memo` json 변수를 원하는 곳에 넣어주세요",
    "tick": 2.900000,
    "Sound": {
        "BGM": 21.034483,
        "SFX": 21.034483
    },
    "Mouse sensitivity": {
        "total": 58.793102,
        "normal": 68.793098,
        "special": 27.758619
    }
}