{
    "memo": "주석을 남길때는 `memo` json 변수를 원하는 곳에 넣어주세요",
    "tick": 2.900000,
    "Sound": {
        "BGM": 95.517235,
        "SFX": 94.827583
    },
    "Mouse sensitivity": {
        "total": 55.344826,
        "normal": 68.793098,
        "special": 27.758619
    }
}