{
    "memo": "주석을 남길때는 `memo` json 변수를 원하는 곳에 넣어주세요",
    "tick": 2.900000,
    "Sound": {
        "BGM": 10.344828,
        "SFX": 9.310345
    },
    "Mouse sensitivity": {
        "total": 47.758617,
        "normal": 48.793102,
        "special": 24.310345
    }
}